title,description,is_video_or_blog_or_course,programming_languages,framework_used,tags,url
Page Not Found,The requested web page was not found on this site.,None,HTML,None,"Page Not Found, Error 404, Web Development, HTML, Neocities",https://itazuraneko.neocities.org/library/manga.html
Class Central Report on Free Certificates,Report on free certificates offered by various online learning platforms,Blog,N/A,N/A,"online learning, free certificates, MOOCs, education technology",https://www.classcentral.com/report/free-certificates/
Google Docs Error Message,Error message when trying to access a Google Doc with JavaScript disabled or an outdated browser,None,JavaScript,None,"Google Docs, JavaScript, browser error, outdated browser, enable JavaScript",https://docs.google.com/document/d/1Pxa73ak04STqHRbhg37-4CM2dVAy8W8yLAMJHsyycII/edit?usp=sharing
Categorical Encoding,A tutorial on categorical encoding,Blog,Python,Pandas,"categorical encoding, data preprocessing, data science, machine learning, python, pandas",https://pbpython.com/categorical-encoding.html
Java OOP Concept,Java OOP Concept Cheat Sheet,Blog,Java,,"Java, OOP, Object Oriented Programming, Cheat Sheet, Programming, Development",https://cheatography.com/son9912/cheat-sheets/java-oop-concept/
Introduction to Algorithms,Technical resource for algorithms,book,various,none,"algorithms, data structures, programming, computer science",https://sd.blackball.lv/library/Introduction_to_Algorithms_Third_Edition_(2009).pdf
Complete Roadmap to Learn DSA from Scratch,A comprehensive guide to learning data structures and algorithms from scratch,Blog,N/A,N/A,"Data Structures, Algorithms, DSA, Learning Roadmap, GeeksforGeeks",https://www.geeksforgeeks.org/complete-roadmap-to-learn-dsa-from-scratch/amp/
JavaScript.info,A technical documentation website for JavaScript,Blog,JavaScript,None,"JavaScript, programming, web development, documentation",https://javascript.info/
,,,,,,
,,,,,,
Java Programming I,A course on Java programming,course,Java,,"Java, programming, course, MOOC",https://java-programming.mooc.fi/
Best Resources to Learn Go for Free,A list of free resources to learn Go programming language,Blog,Go,,"Go, Golang, Free Resources, Programming, Learning",https://www.freecodecamp.org/news/best-resources-to-learn-golang-for-free/
How to Code in Go,A book about learning to code in Go,book,Go,,"Go, programming, coding, book",https://assets.digitalocean.com/books/how-to-code-in-go.pdf
Markdown Guide,A guide to Markdown syntax and tools,Guide,Markdown,None,"Markdown, documentation, syntax, guide, tools",https://www.markdownguide.org/
The Rust Programming Language,A book on the Rust programming language,book,Rust,,"Rust, programming language, book, documentation",https://doc.rust-lang.org/book/
Learn Wgpu,A resource for learning wgpu,Blog,Rust,wgpu,"wgpu, Rust, graphics, programming, tutorials",https://sotrh.github.io/learn-wgpu/
Google Docs Access,Allowing Google Docs access to necessary cookies,Blog,None,None,"Google Docs, Cookies, Access, Permission",https://docs.google.com/document/d/1RZxTMXIsSPoSoWg6tWAffaPTXB41m8tYddEd5yAdTbw/edit
Spigot Plugin Development,Enable JavaScript and cookies to continue,Blog,Java,Spigot,"Spigot, Plugin Development, Java, Minecraft",https://www.spigotmc.org/wiki/spigot-plugin-development/
Spigot-API 1.21.1-R0.1-SNAPSHOT API,"Bukkit, the plugin development framework",Documentation,Java,Spigot,"Spigot-API, Bukkit, Plugin Development, Java, Spigot",https://hub.spigotmc.org/javadocs/spigot/
GitHub Gist,A GitHub Gist is a simple way to share code snippets and other text with others.,Blog,Markdown,GitHub,"GitHub, Gist, Code Snippet, Markdown, Version Control",https://gist.github.com/4144/143998ee073c009d31bc0de86f53b286
Godot Engine Documentation,Official documentation for Godot Engine,Documentation,"GDScript, C#, C++",Godot Engine,"Game Development, Open Source, Cross-Platform, GDScript, C#, C++",https://docs.godotengine.org/en/stable/index.html
Bit Twiddling Hacks,A collection of code snippets for bit manipulation,Blog,"C, C++",None,"bit manipulation, bit twiddling, low-level programming, optimization, performance",http://graphics.stanford.edu/~seander/bithacks.html
Bit Manipulation for Sum of Two Integers,A summary of how to use bit manipulation to solve problems easily and efficiently,Blog,JavaScript,LeetCode,"bit manipulation, LeetCode, JavaScript, problem solving",https://leetcode.com/problems/sum-of-two-integers/solutions/84278/a-summary-how-to-use-bit-manipulation-to-solve-problems-easily-and-efficiently/
NeetCode Practice,Practice problems for coding interviews,Blog,"Python, Java, C++, JavaScript",None,"coding interviews, practice problems, algorithms, data structures",https://neetcode.io/practice
Guide to Remembering Japanese Characters,A book on remembering Japanese characters,book,None,None,"Japanese characters, language learning, Kanji, Amazon",https://www.amazon.com/Guide-Remembering-Japanese-Characters/dp/0804820384
The Hitchhiker’s Guide to Python!,A best practice handbook for both novice and expert Python developers.,Guide,Python,,"Python, best practices, guide, handbook, development",https://docs.python-guide.org/
Automate the Boring Stuff,Practical programming for total beginners,Book,Python,None,"Automation, Python, Beginners, Programming, Book",https://automatetheboringstuff.com/
Mathematics for Machine Learning,Mathematics for Machine Learning repository,Course,Python,Jupyter,"Machine Learning, Mathematics, Python, Jupyter",https://github.com/dair-ai/Mathematics-for-ML
AI Expert Roadmap,Technical roadmap for AI experts,Blog,N/A,N/A,"AI, Machine Learning, Deep Learning, Natural Language Processing, Computer Vision, Robotics",https://i.am.ai/roadmap
RealKana,RealKana is a website that provides information on various topics.,Blog,"HTML, CSS, JavaScript",Unknown,"RealKana, Technology, Blog, HTML, CSS, JavaScript",https://realkana.com/>
404 Not Found Error,"The 404 Not Found Error is an HTTP standard response code indicating that the webpage or URL requested cannot be found on the server. This error is often caused by a broken or dead link, a mistyped URL, or content that has been moved or deleted.",Blog,"HTML, CSS, JavaScript",Nginx/1.18.0 (Ubuntu),"404 Error, Nginx, Ubuntu, Web Development, HTTP Status Code",https://www.kana.pro/>
Error 404: Page Not Found,A 404 error page is a standard HTTP error code that means the webpage or URL was not found on the server.,Blog,"HTML, CSS",None,"Error 404, HTTP error code, webpage not found, server error",https://mochidemy.com/kana/>
PubHTML5 Scheduled Server Maintenance,PubHTML5 site will be inoperative during the times indicated,announcement,HTML5,PubHTML5,"server maintenance, PubHTML5, HTML5, scheduled downtime",https://pubhtml5.com/lnwz/pids/Mastering_Kanji_1500/>
Mod_Security Error,Error generated by Mod_Security for requested resource,None,None,Mod_Security,"Mod_Security, Error 406, Not Acceptable, Web Application Firewall, Server Error",https://kanji.koohii.com/>
Kanji Damage,A website for learning Japanese Kanji,Blog,"HTML, CSS, JavaScript",None,"Japanese, Kanji, Language Learning, Education, Online Resources",http://www.kanjidamage.com/>
Wanikani,"Wanikani is a website for learning Japanese kanji, vocabulary, and grammar.",Website,"JavaScript, HTML/CSS","React, Node.js","Japanese language learning, kanji, vocabulary, grammar, online education, language learning platform",https://www.wanikani.com/>
JLPT N5 Vocab List,A list of vocabulary for the JLPT N5 level,Blog,,,"JLPT, N5, Vocab, List, Japanese, Language, Study, Resources",https://www.jlptstudy.net/N5/?vocab-list>
Jisho.org Error Page,Error page for Jisho.org,None,Unknown,Unknown,"Jisho.org, Error Page, 404 Error, Japanese Dictionary, Online Dictionary",https://jisho.org/>
Weblio Dictionary,"A collection of online dictionaries for various languages, including Japanese, English, Chinese, and Korean.",Blog,N/A,N/A,"dictionary, online dictionary, language learning, Japanese, English, Chinese, Korean, Weblio",https://ejje.weblio.jp/>
Kotobank Error Page,"Error page for Kotobank, a Japanese online dictionary and encyclopedia",None,"HTML, CSS, JavaScript",Unknown,"Kotobank, Error Page, Japanese Dictionary, Encyclopedia, Digitalio, C-POT",https://kotobank.jp/>
Tae Kim,Guide to Learning Japanese,Guide,None,None,"Japanese, Language, Learning, Guide, Grammar, Translations, Resources",http://guidetojapanese.org/learn/grammar>
Error 403: Request Blocked,"Error message received when trying to access a website or app, possibly due to high traffic or configuration error.",None,None,CloudFront,"Error 403, Request Blocked, CloudFront, Configuration Error, High Traffic",https://www.japanesepod101.com/>
Learn Japanese,A resource for learning Japanese,Blog,,,"Japanese, Language Learning, Tofugu",https://www.tofugu.com/learn-japanese/>
6-Step Study Plan to Learn Japanese,A 6-step study plan to learn Japanese,Blog,None,None,"Japanese language, study plan, language learning, education, online resources",https://www.kumasensei.net/learn-japanese-6-step-study-plan/>
Memrise,A language learning platform,Web Application,"JavaScript, HTML/CSS","React, Node.js","language learning, education, e-learning, web development",https://www.memrise.com/>
Error 404: Not Found,The requested URL was not found on this server.,None,None,None,"Error 404, URL Not Found, Server Error",https://www.ajalt.org/english/online/>
TAKOBOTO Japanese Grammar,Japanese dictionary & Nihongo study tool,Blog,Unknown,Unknown,"Japanese, Nihongo, grammar, study tool, dictionary, language learning",https://takoboto.jp/bunpo/>
NHK NEWS WEB,NHK NEWS WEB page using JavaScript,Blog,JavaScript,Unknown,"Japanese news, NHK, JavaScript, web development",https://www3.nhk.or.jp/news/easy/>
和タのＣ (wa-tanoshii),Free Web Magazine in simple Japanese,Blog,"HTML, CSS, JavaScript",WordPress,"Japanese, Web Magazine, Simple Japanese, Food, Culture",https://watanoc.com/>
Rails Routing Error,"Error message for no route matches [GET] ""/>",Error Message,Ruby,Rails,"Rails, Routing Error, Ruby on Rails, Web Development",https://lrnj.com/>
Japanese Study Resources,Online resources for studying Japanese,course,N/A,N/A,"Japanese study, online resources, language learning",https://test.u-biq.org/><https://www2.gwu.edu/~eall/vjgnew/vjghomepage/vjghome.htm<https://sethclydesdale.github.io/genki-study-resources/lessons-3rd/>
Genki Japanese Language Learning Resources,"A collection of digital resources for learning Japanese, including textbooks, workbooks, and online drills.",Course,None,None,"Japanese language learning, Genki, digital resources, online drills, language learning, educational resources",https://genki3.japantimes.co.jp/en/student/#drills>
Mod_Security Error: Not Acceptable,An error generated by Mod_Security indicating that an appropriate representation of the requested resource could not be found on the server.,None,None,Mod_Security,"Mod_Security, Error 406, Not Acceptable, Web Server Error",https://www.jpdrills.com/>
cs-video-courses,A collection of video courses on computer science,course,N/A,N/A,"computer science, video courses, GitHub",https://github.com/Developer-Y/cs-video-courses
Linux From Scratch Documentation,Documentation for Linux From Scratch,Documentation,"Bash, C",Linux,"Linux, System Administration, Linux From Scratch, LFS, Systemd",https://www.linuxfromscratch.org/lfs/downloads/stable-systemd/LFS-11.3-SYSTEMD-BOOK.pdf
Forbidden Error on ShaderToy,Error 403 Forbidden on ShaderToy,None,None,None,"Error 403, Forbidden, ShaderToy, Access Denied",https://www.shadertoy.com/
Inigo Quilez - Learning Computer Graphics,"A personal website by Inigo Quilez, learning computer graphics since 1994",Blog,N/A,N/A,"computer graphics, Inigo Quilez, learning resources",https://iquilezles.org/articles/
Distance Functions,Article about distance functions by Inigo Quilez,Blog,"GLSL, C++",OpenGL,"distance functions, GLSL, C++, OpenGL, Inigo Quilez",https://iquilezles.org/articles/distf...
Shadertoy Palette Generator,A palette generator for Shadertoy,Blog,GLSL,Shadertoy,"Shadertoy, Palette Generator, GLSL, Graphics Programming, Procedural Generation",https://iquilezles.org/articles/palet...
thi.ng/color cosine gradient generator,A cosine gradient generator for thi.ng/color,Blog,JavaScript,thi.ng,"gradient generator, thi.ng, color, cosine, graphics, visualization",http://dev.thi.ng/gradients/
Graphtoy,A tool for graphing mathematical functions,Tool,JavaScript,WebGL,"graphing, math, visualization, webgl, javascript",https://graphtoy.com/
OpenGL Wiki Page,A wiki page on the Khronos website related to OpenGL,None,"C, C++, GLSL",OpenGL,"OpenGL, Graphics, 3D, Programming, C, C++, GLSL",https://www.khronos.org/opengl/wiki/D...
The Book of Shaders,A collection of shaders in different programming languages,Blog,GLSL,WebGL,"shaders, graphics, programming, GLSL, WebGL, computer science",https://thebookofshaders.com/
Understanding Perlin Noise,The objective of this article is to present an easy-to...,Blog,,,"Perlin Noise, Technical Writeup",https://adrianb.io/2014/08/09/perlinnoise.html
Dating Algorithms using Machine Learning and AI,An article discussing the application of machine learning and AI in dating algorithms,Blog,Python,"Scikit-learn, TensorFlow","Machine Learning, AI, Dating Algorithms, Python, Scikit-learn, TensorFlow",https://towardsdatascience.com/dating-algorithms-using-machine-learning-and-ai-814b68ecd75e
React JS Spring Boot REST API Example Tutorial,A tutorial on creating a REST API using React JS and Spring Boot,Blog,"Java, JavaScript","Spring Boot, React JS","REST API, Spring Boot, React JS, Java, JavaScript, Web Development",https://www.javaguides.net/2020/07/react-js-spring-boot-rest-api-example-tutorial.html
Linear Regression in scikit-learn,Documentation for Linear Regression in scikit-learn,Documentation,Python,scikit-learn,"Linear Regression, scikit-learn, Python, Machine Learning, Supervised Learning",https://scikit-learn.org/stable/modules/generated/sklearn.linear_model.LinearRegression.html
Guide to Real-Time Visualisation of Massive 3D Point Clouds in Python,A guide on real-time visualisation of massive 3D point clouds in Python,Blog,Python,Unknown,"Real-time Visualisation, 3D Point Clouds, Python, Data Science",https://towardsdatascience.com/guide-to-real-time-visualisation-of-massive-3d-point-clouds-in-python-ea6f00241ee0
Langchain API Reference,Redirect to the new location of the Langchain API reference page,Documentation,Python,Langchain,"Langchain, API Reference, Documentation, Python, AI, Natural Language Processing",https://langchain.readthedocs.io/en/latest/
Comparing LLaMA and Alpaca Models,Discussion on comparing LLaMA and Alpaca models on the LocalLLaMA subreddit,Blog,N/A,N/A,"LLaMA, Alpaca, AI, Machine Learning, Models, Comparison, LocalLLaMA, Subreddit",https://www.reddit.com/r/LocalLLaMA/comments/123ktm7/comparing_llama_and_alpaca_models/
Error 404: Not Found,The requested URL was not found on this server.,None,None,None,"Error 404, Not Found, URL not found, ErrorDocument, server error",https://hastie.su.domains/Papers/ESLII.pdf
Awesome LLM,A collection of resources for Large Language Models,Other,N/A,N/A,"LLM, Large Language Models, AI, Machine Learning, Natural Language Processing",https://github.com/Hannibal046/Awesome-LLM
Awesome-LLMOps,A curated list of resources for Large Language Model Operations,None,Python,TensorFlow,"LLMOps, Large Language Model Operations, TensorFlow, Python, AI, Machine Learning",https://github.com/tensorchord/Awesome-LLMOps
Cohere App Examples,Technical documentation for Cohere app examples,Documentation,N/A,N/A,"Cohere, API, v2, Natural Language Processing, AI, Machine Learning",https://docs.cohere.com/docs/app-examples
COS 597G (Fall 2022): Understanding Large Language Models,Course description for COS 597G (Fall 2022): Understanding Large Language Models,Course,N/A,N/A,"Large Language Models, NLP, Deep Learning, AI, Machine Learning",https://www.cs.princeton.edu/courses/archive/fall22/cos597G/
Backpropagation Algorithm,The backpropagation algorithm is essential for training large neural networks quickly.,Blog,None,None,"Machine Learning, Neural Networks, Backpropagation",https://developers-dot-devsite-v2-prod.appspot.com/machine-learning/crash-course/backprop-scroll
Game Programming Patterns,Table of Contents for Game Programming Patterns book,book,,,"game development, programming patterns, software architecture, performance optimization",http://gameprogrammingpatterns.com/contents.html
New Google Cloud Generative AI Training Resources,Seven new no-cost generative AI training courses to advance your cloud career,Blog,,Google Cloud,"Google Cloud, Generative AI, Cloud Career, Training and Certifications",https://cloud.google.com/blog/topics/training-certifications/new-google-cloud-generative-ai-training-resources
Awesome Kotlin,A curated list of Kotlin resources,None,Kotlin,None,"Kotlin, Android, JVM, Programming Language, Awesome List",https://github.com/mcxiaoke/awesome-kotlin
Choosing a Google Cloud compute option,Developers & Practitioners  #  Where should I run my stuff?,Blog,Kotlin,Ktor,"Google Cloud, App Engine, Java8",https://cloud.google.com/community/tutorials/kotlin-ktor-app-engine-java8
Kotlin Documentation,Kotlin documentation for various solutions,Documentation,Kotlin,JetBrains,"Kotlin, Multiplatform, Server-side, Data science, Android, Documentation, Community",https://kotl.in/
Kotlin Coroutines,Kotlin Coroutines documentation,Documentation,Kotlin,,"Kotlin, Coroutines, Android, Asynchronous Programming, Concurrency",https://kotl.in/coroutines
IntelliJ IDEA,JetBrains IntelliJ IDEA,None,"Java, Kotlin, Groovy",Java-based,"IntelliJ IDEA, Java, Kotlin, Groovy, JetBrains, IDE",https://jetbrains.com/idea
Kotlin and Gradle,Using Gradle with Kotlin,Blog,Kotlin,Gradle,"Kotlin, Gradle, Build Tools, Android Development, JVM",https://kotlinlang.org/docs/reference/using-gradle.html
Kotlin Multiplatform,Kotlin Multiplatform allows you to share code between platforms,Blog,Kotlin,Kotlin Multiplatform,"Kotlin, Multiplatform, Cross-platform, Android, iOS, Desktop, Kotlin Multiplatform",https://kotl.in/multiplatform
Android Development with Kotlin,A resource for learning Android development using Kotlin,Resource,Kotlin,Android,"Android, Kotlin, Mobile App Development",https://kotl.in/android
Kotlin Native,"Kotlin Native is a technology for compiling Kotlin code to native binaries, which can run without a virtual machine.",Blog,Kotlin,Kotlin Native,"Kotlin, Native, Binaries, Compilation",https://kotl.in/native
KotlinConf App,KotlinConf app repository on GitHub,None,Kotlin,GitHub,"Kotlin, GitHub, JetBrains, KotlinConf, Android App",https://github.com/JetBrains/kotlinconf-app
Kotlin Plugin for Eclipse,A plugin for Eclipse that supports Kotlin development,Plugin,Kotlin,Eclipse,"Kotlin, Eclipse, Plugin, Java, Android, Development",https://marketplace.eclipse.org/content/kotlin-plugin-eclipse
Unsupported Browser Version,Error message for unsupported browser version,None,None,None,"JetBrains, YouTrack, browser compatibility, error message, unsupported browser version",https://youtrack.jetbrains.com/issues/KT/
Introduction to Algorithms,Course material for Introduction to Algorithms,Course,,,"algorithms, computer science, electrical engineering, MIT, course material",https://ocw.mit.edu/courses/electrical-engineering-and-computer-science/6-006-introduction-to-algorithms-spring-2020/
Python Data Structures,A book on Python data structures,Book,Python,None,"Python, Data Structures, Algorithms, Runestone",https://runestone.academy/runestone/books/published/pythonds3/index.html
VisuAlgo.net/en,Visualising data structures and algorithms,Website,N/A,N/A,"Data Structures, Algorithms, Visualisation, Computer Science, Education",https://visualgo.net/en
Data Structure Visualizations,A webpage containing visualizations for various data structures and algorithms.,Webpage,Java,Flash,"Data Structures, Algorithms, Java, Flash, Visualization",https://www.cs.usfca.edu/~galles/visualization/Algorithms.html
Trio Tutorial,Trio tutorial and documentation,Documentation,Python,Trio,"Trio, Python, asynchronous programming, concurrency",https://trio.readthedocs.io/en/stable/tutorial.html
uvloop: Blazing fast Python networking,"Introduction to uvloop, a full, drop-in replacement for the async event loop in asyncio.",Blog,Python,asyncio,"uvloop, asyncio, asynchronous I/O, Python networking",http://magic.io/blog/uvloop-blazing-fast-python-networking/
Server Performance Benchmark Report,Results of testing network server implementations,Blog,Python,uvloop,"server performance, benchmark, networking, uvloop, python, linux, ubuntu, intel xeon",http://magic.io/blog/uvloop-blazing-fast-python-networking/tcp-bench.html
Python concurrent.futures Module,The concurrent.futures module provides a high-level interface for asynchronously executing callables.,Documentation,Python,Python Standard Library,"Python, concurrent.futures, parallel programming, multithreading, multiprocessing, asynchronous programming",https://docs.python.org/3.9/library/concurrent.futures.html#concurrent.futures.Executor.shutdown
Python CPython Pull Request 18057,A pull request for the CPython project on GitHub,None,Python,None,"Python, CPython, GitHub, Pull Request, Open Source",https://github.com/python/cpython/pull/18057
Introduction to Python Generators,"An introduction to Python generators, including in-depth articles and video courses.",Blog,Python,,"Python, Generators, Real Python, Learning Resources",https://realpython.com/introduction-to-python-generators/
Coroutines in Python,A blog post about coroutines in Python by David Beazley,Blog,Python,,"coroutines, concurrency, Python, David Beazley",http://www.dabeaz.com/coroutines/
Some thoughts on asynchronous API design in a post-async/await world,Exploring asynchronous I/O libraries in Python 3,Blog,Python,,"asynchronous API design, async/await, Python 3, I/O libraries",https://vorpus.org/blog/some-thoughts-on-asynchronous-api-design-in-a-post-asyncawait-world/
Python 3 Extending and Embedding Documentation,Official Python documentation for extending and embedding Python,Documentation,Python,None,"Python, extending, embedding, documentation, nginx, 404",https://docs.python.org/3/extending/extending.html).
Python Extension Documentation,Documentation for extending Python,Documentation,Python,Nginx,"Python, Extension, Documentation, Nginx",https://docs.python.org/3/extending/extending.html)
PyPy Documentation,PyPy documentation page not found,Documentation,Python,PyPy,"PyPy, Documentation, Python, Interpreter, Virtual Machine",https://doc.pypy.org/en/latest/extending.html)
Python C API Documentation,The official Python C API documentation,Documentation,"Python, C",None,"Python, C API, Documentation, nginx, 404 Not Found",https://docs.python.org/3/c-api/index.html)
PyO3 Documentation,"Documentation for PyO3, a Rust library for creating Python extensions.",Documentation,"Rust, Python",PyO3,"Rust, Python, PyO3, Python extensions, Rust library",https://github.com/PyO3/pyo3)
Doc ID: https://gist.github.com/seanjensengrey/f5d73bbdf22cfa1ad463,Not Found,Blog,N/A,N/A,"technical documentation, gist, github",https://gist.github.com/seanjensengrey/f5d73bbdf22cfa1ad463)
CFFI Documentation,Documentation page for CFFI,Documentation,Python,Read the Docs,"CFFI, Read the Docs, Python, Documentation",https://cffi.readthedocs.io/en/latest/)
Khan Academy SQL Programming,SQL programming course on Khan Academy,Course,SQL,,"SQL, database, programming, computer science",https://www.khanacademy.org/computing/computer-programming/sql
DB-Fiddle,An online database playground for testing and sharing SQL queries.,Tool,SQL,Web-based,"database, SQL, online playground, testing, sharing",https://www.db-fiddle.com/
SQLBolt,"Learn SQL with simple, interactive exercises",course,SQL,None,"SQL, database, interactive exercises, tutorial, references",https://sqlbolt.com/
PostgreSQL Exercises,A collection of exercises for learning PostgreSQL,course,SQL,PostgreSQL,"PostgreSQL, SQL, database, exercises, learning",https://pgexercises.com/
xkcd,"A webcomic of romance, sarcasm, math, and language.",Blog,"HTML, CSS, JavaScript",Custom,"webcomic, humor, math, science, technology",https://www.xkcd.com/327/
Forbidden Page,Access to this page is forbidden.,None,None,None,"access denied, forbidden page, 403 error",https://otexts.com/fpp3/
Pandas Time Series Documentation,Pandas time series documentation,Documentation,Python,Pandas,"pandas, time series, data analysis, data science, python",https://pandas.pydata.org/pandas-docs/stable/user_guide/timeseries.html
tslearn Documentation,tslearn is a Python package for time series analysis.,Documentation,Python,tslearn,"time series analysis, tslearn, Python, machine learning, data science",https://tslearn.readthedocs.io/en/stable/
Darts: Time Series Made Easy in Python,Doc ID: https://unit8.com/resources/darts-time-series-made-easy-in-python/,Blog,Python,Darts,"time series, python, darts, forecasting, nginx, 403 Forbidden",https://unit8.com/resources/darts-time-series-made-easy-in-python/
Microprediction Blog: Prophet,Microprediction blog post about Prophet,Blog,Python,Prophet,"time series forecasting, machine learning, python, prophet, microprediction",https://www.microprediction.com/blog/prophet
GAMs for Time Series,Modeling time series with Generalized Additive Models,Blog,R,GAMs,"Time Series, GAMs, R, Data Science, Statistics",https://asbates.rbind.io/2019/05/03/gams-for-time-series/
Forget ARIMA,Blog post about alternatives to ARIMA,Blog,None,None,"Algorithms, Time Series, ARIMA, Machine Learning",https://multithreaded.stitchfix.com/blog/2016/04/21/forget-arima/
Applied Bayesian Econometrics for Central Bankers,A document by the Bank of England on applied Bayesian econometrics for central bankers,Document,None,None,"econometrics, Bayesian econometrics, central banking, economics, data analysis, statistical modeling",https://www.bankofengland.co.uk/ccbs/applied-bayesian-econometrics-for-central-bankers-updated-2017
A Bayesian Approach to Time Series Forecasting,A technical article on time series forecasting using Bayesian methods,Blog,Python,TensorFlow or PyTorch,"Time Series Forecasting, Bayesian Methods, Data Science, Machine Learning",https://towardsdatascience.com/a-bayesian-approach-to-time-series-forecasting-d97dd4168cb7
Probabilistic Programming and Bayesian Inference for Time Series Analysis and Forecasting,Probabilistic programming and Bayesian inference for time series analysis and forecasting,Blog,Python,PyMC3,"Probabilistic Programming, Bayesian Inference, Time Series Analysis, Time Series Forecasting, PyMC3, Python",https://towardsdatascience.com/probabilistic-programming-and-bayesian-inference-for-time-series-analysis-and-forecasting-b5eb22114275
Mathematics for Machine Learning,"Companion webpage to the book ""Mathematics for Machine Learning"".",book,,,"machine learning, mathematics, Cambridge University Press, Marc Peter Deisenroth, A. Aldo Faisal, Cheng Soon Ong",https://mml-book.com/
GAN Lab,A web-based visual interface for generating images with Generative Adversarial Networks (GANs),web-based tool,"JavaScript, HTML, CSS",TensorFlow.js,"GAN, machine learning, deep learning, JavaScript, TensorFlow.js, web-based tool",https://poloclub.github.io/ganlab/
Machine Learning Resources,A collection of resources for learning machine learning,blog,"Python, R, Julia","TensorFlow, PyTorch, Scikit-learn","machine learning, AI, data science, deep learning, neural networks",https://www.reddit.com/r/learnmachinelearning/wiki/index
Machine Learning Resources,A collection of resources for learning machine learning,Resource,"Python, R, Julia","TensorFlow, PyTorch, Scikit-learn","machine learning, deep learning, artificial intelligence, data science",https://www.reddit.com/r/learnmachinelearning/wiki/resource
CSMM.102x,"The provided text is a link to a course on edX, but the text itself is empty. However, based on the link, the course is CSMM.102x from ColumbiaX. Assuming the course is about computer science, the tags could be:",course,,,"computer science, ColumbiaX, CSMM.102x, edX",https://courses.edx.org/courses/course-v1:ColumbiaX+CSMM.102x+1T2017/course/
The Mathematics of Machine Learning,An article discussing the mathematical concepts behind machine learning,Blog,None,None,"Machine Learning, Mathematics, Data Science",https://towardsdatascience.com/the-mathematics-of-machine-learning-894f046c568
MLPleaseHelp,A collection of machine learning resources,Resource,Python,N/A,"Machine Learning, Resources, GitHub, Pull Request",https://jgreenemi.github.io/MLPleaseHelp/
Migrating to discord.py,Documentation for migrating to discord.py,Documentation,Python,discord.py,"discord.py, discord, python, migration, documentation",https://discordpy.readthedocs.io/en/stable/migrating.html
Doc ID: https://gist.github.com/Okimii/0b6e5dcfcfb895ef613ac59a4ecc096a,Not Found,Blog,N/A,N/A,"Technical Documentation, GitHub, Gist",https://gist.github.com/Okimii/0b6e5dcfcfb895ef613ac59a4ecc096a
Technical Tags for Doc ID: https://gist.github.com/Ash-02014/b6f57065f394b54f43666037ade38d32,Not Found,Not Found,Not Found,Not Found,Not Found,https://gist.github.com/Ash-02014/b6f57065f394b54f43666037ade38d32
Discord API Documentation,Enable JavaScript and cookies to continue,Documentation,JavaScript,Discord API,"Discord API, JavaScript, Cookies, API Documentation",https://support-dev.discord.com/hc/en-us/articles/4404772028055
504 Gateway Time-out,The HTTP status code for 504 Gateway Time-out,None,None,None,"HTTP status codes, Gateway Time-out, 504 error, web development, networking, HTTP protocol",http://www.unicode-symbol.com/u/001B.html
GitHub Gist,Technical resource for GitHub Gist,Blog,Markdown,GitHub,"GitHub, Gist, Markdown, Code Snippet",https://gist.github.com/matthewzring/9f7bbfd102003963f9be7dbcf7d40e51
ANSI Colors,This content is no longer available.,Image,None,None,"ANSI Colors, Image, Discord, Attachment",https://media.discordapp.net/attachments/739937507768270939/969283562731872306/ANSI-Colors.png
GitHub Gist,Technical resource for GitHub Gist,Blog,Markdown,GitHub,"GitHub, Gist, Markdown, Code Snippet",https://gist.github.com/InterStella0/b78488fb28cadf279dfd3164b9f0cf96
Discord.py Bot.get_command API,API documentation for discord.py Bot.get_command,Documentation,Python,discord.py,"discord.py, Bot.get_command, API, discord, python, documentation",https://discordpy.readthedocs.io/en/latest/ext/commands/api.html#discord.ext.commands.Bot.get_command
Discord.py Documentation,Documentation for discord.py,Documentation,Python,discord.py,"discord.py, discord, python, documentation",https://discordpy.readthedocs.io/en/latest/ext/commands/api.html#discord.ext.commands.Command.name
Discord.py Command Aliases Documentation,Documentation for discord.py command aliases,Documentation,Python,discord.py,"discord.py, discord, command aliases, python, documentation",https://discordpy.readthedocs.io/en/latest/ext/commands/api.html#discord.ext.commands.Command.aliases
Discord.py Commands API,Discord.py library documentation for commands API,Documentation,Python,discord.py,"discord.py, commands API, Python, discord bot development",https://discordpy.readthedocs.io/en/latest/ext/commands/api.html#discord.ext.commands.Command.brief
Discord.py Commands API,Documentation for discord.py commands API,Documentation,Python,discord.py,"discord.py, discord, commands, API, Python, documentation",https://discordpy.readthedocs.io/en/latest/ext/commands/api.html#discord.ext.commands.Command.usage
Scaleway,Cloud computing platform,None,None,None,"cloud computing, cloud hosting, scaleway, ai-pulse",https://www.scaleway.com/
DigitalOcean,"DigitalOcean is a cloud platform that provides scalable virtual machines, Kubernetes, and other products for developers and businesses.",Blog,N/A,N/A,"cloud computing, virtual machines, Kubernetes, DigitalOcean, scalability, developers, businesses",https://www.digitalocean.com/
OVH Documentation,OVH documentation page,Documentation,N/A,N/A,"OVH, cloud, hosting, documentation",https://www.ovh.co.uk/
Time4VPS,VPS hosting services,None,None,None,"VPS, hosting, Linux, Windows, virtual private server",https://www.time4vps.eu/
Linode,Linode is a cloud hosting provider,None,None,None,"cloud hosting, cloud computing, linode, web hosting",https://www.linode.com/
Vultr Documentation,"Vultr is a cloud platform for deploying, managing, and scaling cloud infrastructure and applications.",Documentation,N/A,N/A,"cloud computing, cloud infrastructure, cloud hosting, virtual machines, bare metal servers, containerization, Kubernetes, Docker, DevOps, IT infrastructure",https://www.vultr.com/
GalaxyGate Web Hosting Services,"GalaxyGate offers various web hosting services including domains, website hosting, and virtual servers at affordable prices.",None,"HTML, CSS, JavaScript",Unknown,"web hosting, domains, virtual servers, website hosting, affordable hosting",https://galaxygate.net/
Discord.py Documentation,Documentation for the discord.py library,Documentation,Python,discord.py,"discord.py, python, documentation, library, API",https://discordpy.readthedocs.io/en/master/index.html
discord.py,A Python library for interacting with the Discord API,None,Python,Discord API,"discord.py, discord api, python library, discord bot, discord.py framework",https://github.com/Rapptz/discord.py
discord.py Project 3,Project 3 from discord.py,Project,Python,discord.py,"discord.py, Project 3, Python, Bot Development",https://github.com/Rapptz/discord.py/projects/3
Discord.py Documentation,Documentation for the Discord.py library,Documentation,Python,Discord.py,"discord.py, python, discord, bot development, API documentation",https://discordpy.readthedocs.io/en/master/
disputils,A Python utility library,None,Python,None,"Python, disputils, utility library",https://pypi.org/project/disputils
discord-ext-menus,A Discord.py extension for creating menus.,None,Python,Discord.py,"discord.py, discord-ext-menus, discord menus, discord.py extension",https://github.com/Rapptz/discord-ext-menus
Discord.py Bot.wait_for API Documentation,API documentation for discord.py Bot.wait_for function,Documentation,Python,discord.py,"discord.py, Bot.wait_for, API, Documentation, Python, discord",https://discordpy.readthedocs.io/en/stable/ext/commands/api.html#discord.ext.commands.Bot.wait_for
,,,,,,
Discord Application Development,Documentation for Discord application development,Documentation,"JavaScript, Python, Java",Discord API,"Discord, API, Application Development, Bot Development",https://discord.com/developers/applications
,,,,,,
,,,,,,
discord.py FAQ,Frequently Asked Questions for discord.py,Documentation,Python,discord.py,"discord.py, discord, python, bot development, FAQ",https://discordpy.readthedocs.io/en/latest/faq.html#why-does-on-message-make-my-commands-stop-working
Python Gist,A Python code snippet on GitHub Gist,Blog,Python,None,"Python, GitHub, Gist, Code Snippet",https://gist.github.com/EvieePy/7822af90858ef65012ea500bcecf1612
GitHub Gist,A GitHub Gist containing technical content,Blog,N/A,N/A,"GitHub, Gist, Technical, Programming, Development",https://gist.github.com/InterStella0/b78488fb28cadf279dfd3164b9f0cf96
Discord.py FAQ,Frequently Asked Questions for discord.py,Documentation,Python,discord.py,"discord.py, discord, python, bot development, FAQ",https://discordpy.readthedocs.io/en/latest/faq.html#
discord.py slashcommands,discord.py library documentation for slash commands,Documentation,Python,discord.py,"discord.py, slashcommands, python, discord, bot development",https://github.com/Zomatree/discord.py/tree/slashcommands
Discord.py Slash Command,A GitHub repository for discord.py slash command,None,Python,discord.py,"discord.py, slash command, GitHub, Python, bot development",https://github.com/eunwoo1104/discord-py-slash-command
Discord.py Slash Command Documentation,Documentation for discord.py slash command library.,Documentation,Python,discord.py,"discord.py, slash commands, python, documentation",https://discord-py-slash-command.readthedocs.io/en/latest/
Discord.py Slash Command Documentation,Documentation for Discord.py slash command library,Documentation,Python,Discord.py,"discord.py, slash commands, documentation, python, library",https://discord-py-slash-command.readthedocs.io/en/latest/discord_slash.client.html#discord_slash.client.SlashCommand.add_slash_command
Certificate Transparency Log Entry,Certificate Transparency log entry for a root certificate,Blog,None,Certificate Transparency,"Certificate Transparency, Certificate Search, Root Certificate, Google, Certificate Transparency Log",https://crt.sh/?id=2835394
Discord Attachment,This content is no longer available.,N/A,N/A,N/A,"discord, attachment, unavailable",https://media.discordapp.net/attachments/336642776609456130/776070065694048276/s6ONfwUye1.png
SSL Certificate Troubleshooting for Chrome,Troubleshooting guide for SSL certificate issues in Chrome,Blog,None,None,"SSL, Certificate, Chrome, Troubleshooting, Security",https://portal.threatpulse.com/docs/sol/Solutions/ManagePolicy/SSL/ssl_chrome_cert_ta.htm
Sectigo Validation and Certificate Types,Technical documentation for Sectigo validation and certificate types,Blog,None,None,"Sectigo, Validation, Certificates, SSL, TLS, Domain Validation, Organization Validation, Extended Validation, eIDAS, QWAC, S/MIME, Email Certificates, DCV, Advisory Notices, FAQs",https://support.sectigo.com/Com_KnowledgeDetailPage?Id=kA03l00000117LT
Discord.py Guide,A guide for using discord.py,Guide,Python,discord.py,"discord.py, discord bot, python, guide",https://pythondiscord.com/pages/resources/guides/discordpy/
Python 3 Object-Oriented Programming,In-depth article on object-oriented programming in Python 3,Blog,Python,,"Python, Object-Oriented Programming, OOP, Python 3",https://realpython.com/python3-object-oriented-programming/
Python Classes Tutorial,"A tutorial on Python classes, including class definition syntax, scopes, and namespaces.",Tutorial,Python,None,"Python, Classes, Object-Oriented Programming, Tutorials, Documentation",https://docs.python.org/3/tutorial/classes.html
Discord.py Guide,A guide for using discord.py,Guide,Python,discord.py,"discord.py, discord bot, python, guide",https://pythondiscord.com/pages/resources/guides/discordpy/
Code Obfuscator Challenge,A challenge to create a code obfuscator,Challenge,Python,None,"code obfuscation, python, discord, esoteric python challenges",https://github.com/python-discord/esoteric-python-challenges/tree/master/challenges/10-code-obfuscator
Esoteric Python Challenges,A collection of unique Python challenges,None,Python,None,"Python, challenges, esoteric, programming, coding, GitHub",https://github.com/python-discord/esoteric-python-challenges/tree/master/challenges/09-lolcat
Esoteric Python Challenges,A collection of Python challenges,Blog,Python,None,"Python, challenges, esoteric, repl, GitHub",https://github.com/python-discord/esoteric-python-challenges/tree/master/challenges/08-python-repl
Esoteric Python Challenges,A collection of Python challenges for practicing coding skills,Blog,Python,None,"Python, coding challenges, esoteric python, coding practice",https://github.com/python-discord/esoteric-python-challenges/tree/master/challenges/07-code-art
Esoteric Python Challenges,A collection of Python challenges,Blog,Python,None,"Python, challenges, esoteric, programming, GitHub",https://github.com/python-discord/esoteric-python-challenges/tree/master/challenges/06-maybe-keyword
Esoteric Python Challenges,A collection of challenging Python exercises,Blog,Python,None,"Python, challenges, exercises, esoteric, programming, coding",https://github.com/python-discord/esoteric-python-challenges/tree/master/challenges/05-text-hearts
Stack Exchange Network,A network of Q&A communities including Stack Overflow,blog,N/A,N/A,"Stack Exchange, Q&A communities, Stack Overflow, developers, careers",https://codegolf.stackexchange.com/q/54/36188
Python Discord Jams,A 404 page for Python Discord Jams,Blog,Python,Discord,"Python, Discord, Jams, 404, Not Found, Community, Programming",https://pythondiscord.com/jams
Esoteric Python Challenges,A collection of Python challenges,Other,Python,None,"Python, challenges, coding, programming, esoteric, GitLab",https://gitlab.com/python-discord/esoteric-python-challenges/
Maze Solver Golf Challenge,A challenge to solve a maze using Python,Challenge,Python,None,"Python, Maze Solver, Golf Challenge, Esoteric Python Challenges",https://gitlab.com/python-discord/esoteric-python-challenges/tree/master/challenges/04-maze-solver-golf
GNU General Public License Quick Guide,A quick guide to the GNU General Public License version 3,Blog,N/A,N/A,"GNU, GPL, Free Software, Open Source, Licensing",https://www.gnu.org/licenses/quick-guide-gplv3.html
Esoteric Python Challenges,A collection of esoteric programming challenges in Python,blog,Python,None,"esoteric programming, python challenges, coding exercises",https://gitlab.com/python-discord/esoteric-python-challenges/blob/master/challenges/03-esoteric-lang-1/README.md
Random Text Generator,A challenge to generate random text,blog,Python,None,"python, random text generator, esoteric python challenges, text generation, programming challenge",https://gitlab.com/python-discord/esoteric-python-challenges/blob/master/challenges/02-random-text-generator/README.md
Python Discord Challenges Archive,A collection of submissions for Python Discord challenges,None,Python,Discord API,"Python, Discord, API, Challenges, Archive",https://github.com/shawnmcla/python-discord-challenges-archive/tree/master/submissions/challenge1
Reverse Polish Notation,A mathematical notation in which operators follow their arguments,Blog,None,None,"Reverse Polish Notation, Mathematical Notation, Stack-based Evaluation, Postfix Notation",https://en.wikipedia.org/wiki/Reverse_Polish_notation
Python Arcade Documentation,Official documentation for Python Arcade,Documentation,Python,Arcade,"Python, Arcade, Game Development, Programming, Documentation",http://arcade.academy/
Python Arcade Documentation,Official documentation for the Python Arcade library,Documentation,Python,Arcade,"Python, Arcade, Game Development, Programming, Documentation",http://arcade.academy/
Pyweek,A website for Python game development challenges,Website,Python,Python,"Python, game development, challenges, Pyweek",https://pyweek.org/
Kivy Game Tutorial,A tutorial on creating games with Kivy,Tutorial,Python,Kivy,"Kivy, Game Development, Python, Mobile App Development, Open Source",https://bitbucket.org/r1chardj0n3s/kivy-game-tutorial/src/master/.
Invent with Python,A website for learning Python programming,Blog,Python,None,"Python, programming, automation, projects, Minecraft, coding",https://inventwithpython.com/
Roguelike Tutorials,A tutorial series for creating roguelike games,Blog,Python,TCOD,"Roguelike, Game Development, Python, TCOD",http://rogueliketutorials.com/about/
Program with Minecraft,A book about programming with Minecraft,Book,Python,Minecraft,"Minecraft, Python, Programming, Book, No Starch Press",https://nostarch.com/programwithminecraft
Getting started with Kivy,A tutorial on getting started with Kivy,Blog,Python,Kivy,"Kivy, Python, Mobile App Development, Cross-Platform Development",http://inclem.net/2019/12/19/kivy/getting_started_with_kivy/
Invent with Python,A website for learning Python programming,Blog,Python,None,"Python, programming, automation, education, inventwithpython",https://inventwithpython.com/invent4thed/
Pygame Tutorial,A tutorial on using the Pygame library for game development,Blog,Python,Pygame,"game development, pygame, python programming, python library",http://inventwithpython.com/pygame/
Kivy Framework,"Kivy is an open source Python library for rapid development of applications that make use of user-friendly multi-touch, gestures and scalable, high-performance graphics.",Framework,Python,Kivy,"Kivy, Python, Multi-Touch, Gestures, Graphics, Open Source, Rapid Development",https://kivy.org/#gallery
Django,The web framework for perfectionists with deadlines,None,Python,Django,"web development, Python, Django, framework",https://www.djangoproject.com/start/
Django Tutorial,Django tutorial for perfectionists with deadlines,Tutorial,Python,Django,"Django, Python, Web Development, Framework, Tutorial",https://docs.djangoproject.com/en/4.1/intro/tutorial01/
Django REST framework Quickstart,A quickstart guide for Django REST framework,Tutorial,Python,Django,"Django, REST, API, Python, Framework, Quickstart, Tutorial",https://www.django-rest-framework.org/#quickstart
Django Deployment Checklist,A checklist for deploying Django projects,Blog,Python,Django,"Django, deployment, checklist, Python, web development",https://docs.djangoproject.com/en/4.1/howto/deployment/checklist/
Django Deployment,Django deployment guide,guide,Python,Django,"Django, deployment, Python, web development",https://docs.djangoproject.com/en/4.1/howto/deployment/
Django Deployment with Gunicorn,Django deployment using Gunicorn,Blog,Python,Django,"Django, Gunicorn, Deployment, WSGI, Python, Web Development",https://docs.djangoproject.com/en/4.1/howto/deployment/wsgi/gunicorn/
Complete Nginx Cookbook,A comprehensive guide to Nginx,book,Nginx configuration,Nginx,"Nginx, web server, configuration, cookbook",https://www.nginx.com/resources/library/complete-nginx-cookbook/
UTC Time,Technical resource for UTC time,Blog,N/A,N/A,"UTC, Time, Unitarium, Sunrises, Sunsets, US Federal Holidays, UK Bank Holidays, Solar Eclipse",http://time.unitarium.com/utc/1700
PyCharm Webinar August 2020,Webinar on PyCharm,Webinar,Python,PyCharm,"PyCharm, Python, Web Development, Webinar, JetBrains",https://info.jetbrains.com/pycharm-webinar-august-2020.html
Django Database Performance Tips,Webinar on optimizing database performance in Django,Webinar,Python,Django,"Django, Database Performance, Optimization, Python, Web Development",https://blog.jetbrains.com/pycharm/2020/08/webinar-django-database-performance-tips-with-andrew-brookins/
The Twelve-Factor App,A methodology for building software-as-a-service apps,Blog,,,"software-as-a-service, twelve-factor app, declarative formats, setup automation",https://12factor.net/
Visual Studio Code Tutorial for Flask,A tutorial on using Visual Studio Code for Flask development,Tutorial,Python,Flask,"Visual Studio Code, Flask, Python, Web Development",https://code.visualstudio.com/docs/python/tutorial-flask
GDPR - A Practical Guide For Developers,A practical guide for developers on GDPR,Blog,,,"GDPR, Developers, Practical Guide, Software Development, Data Protection",https://techblog.bozho.net/gdpr-practical-guide-developers/
TkDocs Tutorial,TkDocs tutorial and guide,Tutorial,Python,Tkinter,"Tkinter, TkDocs, Python GUI, GUI programming, Tk tutorial",https://tkdocs.com/
Tkinter Tutorial,Tkinter tutorial for Python,Blog,Python,Tkinter,"Tkinter, Python, GUI, Mod_Security, Error 406",https://www.pythontutorial.net/tkinter/
Tkinter 8.5 reference: a GUI for Python,Describes the Tkinter widget set for constructing graphical user interfaces (GUIs) in the Python programming language. Includes coverage of the ttk themed widgets.,Documentation,Python,Tkinter,"Tkinter, GUI, Python, ttk, widgets",https://anzeljg.github.io/rin2/book2/2405/docs/tkinter/index.html
Pygubu Designer,A Python GUI designer,None,Python,Pygubu,"GUI design, Python, Pygubu",https://github.com/alejandroautalan/pygubu-designer
PySimpleGUI Documentation,"The official documentation for PySimpleGUI, a Python library for creating simple GUIs.",Documentation,Python,PySimpleGUI,"PySimpleGUI, Python, GUI, Documentation",https://www.pysimplegui.org/en/latest/
Using Qt 5.15 and Qt 6 under LGPLv3,A guide on using Qt 5.15 and Qt 6 under LGPLv3,Blog,"C++, QML",Qt,"Qt, LGPLv3, C++, QML, Embedded Systems, Industrial Machinery, Smart User Interfaces",https://embeddeduse.com/2021/04/18/using-qt-5-15-and-qt-6-under-lgplv3/
Qt for Python,Cross-platform software libraries and APIs,None,Python,Qt,"Python, Qt, Cross-platform, Software libraries, APIs",https://www.qt.io/qt-for-python
PyQt Introduction,Introduction to PyQt,Blog,Python,PyQt,"PyQt, Python, GUI, Framework",https://riverbankcomputing.com/software/pyqt/intro
wxPython Documentation,Official documentation for wxPython,Documentation,Python,wxPython,"wxPython, Python, GUI, Cross-platform, Documentation",https://www.wxpython.org/
wxPython GUI Builder Tools,A tutorial on GUI builder tools for wxPython,Blog,Python,wxPython,"wxPython, GUI, Python, GUI Builder Tools",https://www.tutorialspoint.com/wxpython/wxpython_gui_builder_tools.htm
Dear PyGui Documentation,"Documentation for Dear PyGui, a simple to use, fast to code, and easy to learn Python GUI framework.",Documentation,Python,Dear PyGui,"Python, GUI, Dear PyGui, Documentation",https://dearpygui.readthedocs.io/en/latest/
Kivy Framework,"Kivy is an open source Python library for rapid development of applications that make use of user-friendly multi-touch, gestures, scalable, high-performance graphics, and much more.",Framework,Python,Kivy,"Kivy, Python, Multi-touch, Gestures, Graphics, Open Source",https://kivy.org/
BeeWare Project,A project for creating native mobile and desktop applications using Python.,project,Python,BeeWare,"Python, BeeWare, mobile app development, desktop app development, native applications",https://beeware.org/
Eel,A little Python library for making simple Electron-like desktop applications,None,Python,Electron,"Desktop Applications, Electron, Python, GUI",https://github.com/ChrisKnott/Eel
Flexx UI,A high-level UI component library for Python,None,Python,Flexx,"UI component library, Python, Flexx",https://github.com/flexxui/flexx
PySciter,A Python binding for the Sciter UI engine.,None,Python,Sciter,"UI engine, Python binding, Sciter, PySciter",https://github.com/sciter-sdk/pysciter
GuiProgramming,Python wiki page for GuiProgramming,Blog,Python,Python,"Python, GuiProgramming, GUI, Programming",https://wiki.python.org/moin/GuiProgramming
Getting started with Kivy,A tutorial on getting started with Kivy,Blog,Python,Kivy,"Kivy, Python, Mobile App Development, Cross-Platform Development",http://inclem.net/2019/12/19/kivy/getting_started_with_kivy/
Quamash,A Python library for asynchronous programming,None,Python,None,"asynchronous programming, Python library, Quamash",https://pypi.python.org/pypi/Quamash/0.5.1
Cosmic Python Book,A book on building an architecture to support domain modeling,book,Python,,"domain modeling, architecture, python, software development",https://www.cosmicpython.com/book/preface.html
Refactoring Guru,A website about refactoring,Blog,N/A,N/A,"refactoring, design patterns, software development, coding best practices",https://refactoring.guru/
The Hitchhiker’s Guide to Python,"A living, breathing guide for novice and expert Python developers to provide best practice handbook",Guide,Python,,"Python, Best Practices, Guide, Handbook, Novice, Expert",https://docs.python-guide.org/#writing-great-python-code
Free Programming Books Search,A search engine for free programming books,None,None,None,"free programming books, search engine, ebook, github",https://ebookfoundation.github.io/free-programming-books-search/?&sect=books&file=free-programming-books-subjects.md#0---meta-lists
Unity Tutorials,C# and Shader Tutorials for the Unity Engine,Blog,C#,Unity,"Unity, C#, Shader, Game Development",https://catlikecoding.com/unity/tutorials/
"Machine Learning, Probability, and Statistics","Course on machine learning, probability, and statistics",Course,Python,Jupyter,"Machine Learning, Probability, Statistics, Coursera, Python, Jupyter",https://www.coursera.org/learn/machine-learning-probability-and-statistics
Machine Learning Engineering for Production (MLOps),A specialization on Coursera that focuses on machine learning engineering for production,Course,Python,TensorFlow,"Machine Learning, MLOps, Python, TensorFlow, Coursera",https://www.coursera.org/programs/b-tech-computer-science-engineering-2nd-year-49goh/specializations/machine-learning-engineering-for-production-mlops
Natural Language Processing Specialization,Natural Language Processing Specialization,Course,Python,"NLTK, spaCy","Natural Language Processing, NLP, Machine Learning, Deep Learning, Text Analysis, Sentiment Analysis",https://www.coursera.org/programs/b-tech-computer-science-engineering-2nd-year-49goh/specializations/natural-language-processing
Generative Adversarial Networks (GANs) Specialization,A specialization on Generative Adversarial Networks (GANs) offered by Coursera,Course,Python,TensorFlow or PyTorch,"GANs, Deep Learning, Machine Learning, Python, TensorFlow, PyTorch, Coursera",https://www.coursera.org/programs/b-tech-computer-science-engineering-2nd-year-49goh/specializations/generative-adversarial-networks-gans
Mathematics for Machine Learning and Data Science,A specialization on Coursera that covers mathematics for machine learning and data science,Course,None,None,"Machine Learning, Data Science, Mathematics, Coursera, Online Course",https://www.coursera.org/programs/b-tech-computer-science-engineering-2nd-year-49goh/specializations/mathematics-for-machine-learning-and-data-science
Meta Android Developer Professional Certificate,A professional certificate program in Android development,Course,"Java, Kotlin",Android,"Android Development, Mobile App Development, Java, Kotlin, Meta, Coursera, Bennett University",https://www.coursera.org/programs/b-tech-computer-science-engineering-2nd-year-49goh/professional-certificates/meta-android-developer
Coursera - Meta iOS Developer,A professional certificate program for iOS development,Course,"Swift, iOS",iOS,"iOS development, mobile app development, Swift programming language, Meta iOS Developer",https://www.coursera.org/programs/b-tech-computer-science-engineering-2nd-year-49goh/professional-certificates/meta-ios-developer
Meta AR Developer Professional Certificate,Professional certificate program in AR development,Course,Not specified,Not specified,"AR development, Meta, Coursera, Bennett University, Computer Science, Engineering",https://www.coursera.org/programs/b-tech-computer-science-engineering-2nd-year-49goh/professional-certificates/meta-ar-developer
AWS Cloud Solutions Architect,Professional certificate program on AWS Cloud Solutions Architect,Course,N/A,AWS,"AWS, Cloud Computing, Solutions Architect, Coursera, B.Tech Computer Science Engineering",https://www.coursera.org/programs/b-tech-computer-science-engineering-2nd-year-49goh/professional-certificates/aws-cloud-solutions-architect
Cloud Native Development on Openshift and Kubernetes,Specialization on cloud native development using Openshift and Kubernetes,Course,Not specified,"Openshift, Kubernetes","Cloud Native, Cloud Computing, Containerization, DevOps, Kubernetes, Openshift",https://www.coursera.org/programs/b-tech-computer-science-engineering-2nd-year-49goh/specializations/cloud-native-development-openshift-kubernetes#outcomes
Deep Learning Specialization,A specialization in deep learning on Coursera,Course,Python,TensorFlow or Keras,"Deep Learning, Machine Learning, Artificial Intelligence, Neural Networks, Python, TensorFlow, Keras, Coursera",https://www.coursera.org/programs/b-tech-computer-science-engineering-2nd-year-49goh/specializations/deep-learning
Coursera - Practical Data Science,A specialization in practical data science on Coursera,Course,JavaScript,,"Data Science, Coursera, Online Learning, Computer Science, JavaScript",https://www.coursera.org/programs/b-tech-computer-science-engineering-2nd-year-49goh/specializations/practical-data-science
Machine Learning with TensorFlow on GCP,A specialization on Coursera for learning machine learning with TensorFlow on GCP,Course,Python,TensorFlow,"Machine Learning, TensorFlow, GCP, Python, Coursera, Bennett University",https://www.coursera.org/programs/b-tech-computer-science-engineering-2nd-year-49goh/specializations/machine-learning-tensorflow-gcp
TensorFlow in Practice,A professional certificate program on TensorFlow,Course,Python,TensorFlow,"Machine Learning, Deep Learning, TensorFlow, Python, Coursera, Bennett University",https://www.coursera.org/programs/b-tech-computer-science-engineering-2nd-year-49goh/professional-certificates/tensorflow-in-practice
Coursera AI for Medicine Specialization,A specialization in AI for Medicine on Coursera,Course,JavaScript,,"AI, Medicine, Coursera, Online Course, Specialization",https://www.coursera.org/programs/b-tech-computer-science-engineering-2nd-year-49goh/specializations/ai-for-medicine
Coursera - Advanced Machine Learning with TensorFlow on GCP,A specialization on advanced machine learning using TensorFlow on Google Cloud Platform (GCP),Course,Python,TensorFlow,"Machine Learning, TensorFlow, GCP, Python, Coursera, Advanced Machine Learning",https://www.coursera.org/programs/b-tech-computer-science-engineering-2nd-year-49goh/specializations/advanced-machine-learning-tensorflow-gcp
Google UX Design Professional Certificate,A professional certificate program in UX design offered by Google on Coursera,Course,JavaScript,,"UX design, Google, Coursera, JavaScript, modern browser, IE10, Google Chrome",https://www.coursera.org/programs/b-tech-computer-science-engineering-2nd-year-49goh/professional-certificates/google-ux-design
Coursera - Meta React Native Specialization,A specialization on Meta React Native offered by Coursera,Course,JavaScript,React Native,"Coursera, Meta, React Native, JavaScript, Specialization",https://www.coursera.org/programs/b-tech-computer-science-engineering-2nd-year-49goh/specializations/meta-react-native
Coursera Full Stack Mobile App Development Specialization,A specialization in full stack mobile app development on Coursera,Course,JavaScript,,"Full Stack, Mobile App Development, JavaScript, Coursera, Online Course, Specialization",https://www.coursera.org/programs/b-tech-computer-science-engineering-2nd-year-49goh/specializations/full-stack-mobile-app-development#testimonials
Coursera - Developing Apps on GCP,Coursera specialization on developing apps on Google Cloud Platform,Course,JavaScript,Google Cloud Platform,"GCP, Cloud Computing, App Development, JavaScript, Coursera",https://www.coursera.org/programs/b-tech-computer-science-engineering-2nd-year-49goh/specializations/developing-apps-gcp
Coursera IoT Specialization,A specialization in IoT on Coursera,Course,JavaScript,,"Coursera, IoT, Specialization, Online Course, Computer Science, Engineering, JavaScript",https://www.coursera.org/programs/b-tech-computer-science-engineering-2nd-year-49goh/specializations/iot
Bennett University - Blockchain Specialization,Blockchain specialization on Coursera,Course,Not specified,Not specified,"Blockchain, Coursera, Bennett University, Computer Science, Specialization",https://www.coursera.org/programs/b-tech-computer-science-engineering-2nd-year-49goh/specializations/blockchain#outcomes
Linear Regression: All You Need to Know,A comprehensive guide to linear regression,Blog,Python,Kaggle,"Linear Regression, Kaggle, Python, Machine Learning, Data Science",https://www.kaggle.com/code/auxeno/linear-regression-all-you-need-to-know
Multivariate Linear Regression from Scratch in Python,Implementation of multivariate linear regression in Python,Blog,Python,None,"Machine Learning, Linear Regression, Multivariate Regression, Python, Data Science",https://medium.com/@lope.ai/multivariate-linear-regression-from-scratch-in-python-5c4f219be6a
Introduction to Computer Science,Introduction to computer science course,Course,Python,N/A,"Computer Science, Python, Saylor Academy, Online Course",https://learn.saylor.org/course/CS403
SDL Tutorials,Tutorials on using the SDL library,Blog,"C, C++",SDL,"SDL, game development, C, C++, tutorials",https://lazyfoo.net/tutorials/SDL/index.php
Vulkan Guide,A guide to Vulkan API and its usage,Blog,"C++, GLSL",Vulkan,"Vulkan, Graphics, API, C++, GLSL, Project layout, Libraries",https://vkguide.dev/
How to Make Your Own C Game Engine,A tutorial on creating a game engine using C,Blog,C,,"game development, C programming, game engine, Informa Tech Division, Informa PLC",https://www.gamedeveloper.com/blogs/how-to-make-your-own-c-game-engine#close-modal
Google AI Build,Technical resources for building with Google AI,Resource Page,"Python, TensorFlow",TensorFlow,"Machine Learning, Artificial Intelligence, Google AI, TensorFlow, Python",https://ai.google/build/machine-learning
OpenGL,OpenGL repository on GitHub,None,"C, C++, GLSL",OpenGL,"OpenGL, Graphics, 3D, Rendering, C, C++, GLSL",https://github.com/McNopper/OpenGL
How to Start Making Pixel Art,A guide on starting pixel art,Blog,,,"pixel art, graphics design, digital art, 2D art",https://medium.com/pixel-grimoire/how-to-start-making-pixel-art-2d1e31a5ceab
The Beginner's Guide to Beginning Three.js,A beginner's guide to starting with Three.js,Blog,JavaScript,Three.js,"Three.js, JavaScript, 3D rendering, Web development",https://medium.com/@benjamin.c.coleman/the-beginners-guide-to-beginning-three-js-c36b8947c2aa
230 Machine Learning Projects with Python,A collection of machine learning projects using Python,Blog,Python,None,"Machine Learning, Python, Projects",https://medium.com/coders-camp/230-machine-learning-projects-with-python-5d0c7abf8265
NES Emulation,"A guide to emulating the NES platform, including CPU emulation and memory addressing modes.",Blog,Assembly,NES,"NES, Emulation, CPU, Assembly, Retro Gaming",https://bugzmanov.github.io/nes_ebook/
How to Teach an AI to Play Games: Deep Reinforcement Learning,An article on teaching AI to play games using deep reinforcement learning,Blog,Python,TensorFlow or PyTorch,"Artificial Intelligence, Machine Learning, Deep Reinforcement Learning, Game Development, Python, TensorFlow, PyTorch",https://towardsdatascience.com/how-to-teach-an-ai-to-play-games-deep-reinforcement-learning-28f9b920440a
Learning Modern 3D Graphics Programming,A book about 3D graphics programming by Jason L. McKesson,book,"C++, OpenGL",OpenGL,"3D graphics, OpenGL, C++, graphics programming, computer graphics",https://www.roiatalla.com/public/arcsynthesis/html/index.html
Game Datasets,A collection of game-related datasets.,Dataset,Unknown,Unknown,"game development, datasets, AI, machine learning",https://github.com/leomaurodesenv/game-datasets
Awesome Lua,A curated list of Lua resources,None,Lua,None,"Lua, programming, development, resources",https://github.com/LewisJEllis/awesome-lua
Create GPT from Scratch using Python,A tutorial on creating GPT from scratch using Python,Blog,Python,N/A,"GPT, Python, Natural Language Processing, AI, Machine Learning",https://medium.com/@fareedkhandev/create-gpt-from-scratch-using-python-part-1-bd89ccf6206a
Adobe Research,Adobe Research is a team of researchers and engineers working on various projects in the field of computer science.,Website,N/A,N/A,"Adobe, Research, Computer Science, Technology, Innovation",https://research.adobe.com/
spaCy Course,Introduction to text processing with spaCy,Course,Python,spaCy,"Natural Language Processing, Text Analysis, spaCy, Python, Machine Learning",https://course.spacy.io/en/
Learn Game Development in Rust,Introduction to game development using Rust,Blog,Rust,,"game development, Rust, programming, software development",https://sunjay.dev/learn-game-dev/intro.html
Rust Books,A collection of books on Rust programming language,Blog,Rust,,"Rust, programming language, books, GitHub",https://github.com/sger/RustBooks
,,,,,,
DNS Guide,A guide to DNS,Blog,N/A,N/A,"DNS, GitHub, EmilHernvall, dnsguide",https://github.com/EmilHernvall/dnsguide/blob/master/README.md
2D Video Game in AssemblyScript Tutorial,How to build a web-based video game from scratch with HTML canvas and AssemblyScript,Blog,AssemblyScript,HTML canvas,"2D video game, AssemblyScript, HTML canvas, web-based game development",https://blog.ttulka.com/2d-video-game-in-assemblyscript-tutorial/
Beej,A collection of guides on various technical topics,Blog,N/A,N/A,"technical guides, tutorials, programming, technology, beej.us",https://beej.us/guide/
What Every Programmer Needs To Know About Game Networking,An article discussing the basics of game networking for programmers,Blog,,,"game development, game networking, programming, networking fundamentals",https://gafferongames.com/post/what_every_programmer_needs_to_know_about_game_networking/
Google Docs JavaScript Error,Error message when JavaScript is not enabled in the browser,None,JavaScript,None,"Google Docs, JavaScript, browser error, technical issue",https://docs.google.com/presentation/d/1U5-X5c4XeUBLdbsndcxcXWrJ3K9sOkrCApOq0sD4oqY/mobilepresent?slide=id.g2509963772f_0_123
Linux Journey,A website for learning Linux,Course,Bash,None,"Linux, Operating System, Bash, Command Line",https://linuxjourney.com/
TheMoeWay Resources,A collection of resources for learning Japanese,Resource,"HTML, CSS, JavaScript",GitHub Pages,"Japanese language learning, resources, GitHub Pages",https://learnjapanese.moe/resources/
Flutter Gems,A collection of technical articles and reports on Flutter,Blog,Dart,Flutter,"Flutter, Mobile App Development, Dart, UI/UX",https://fluttergems.dev
A Beginner's Guide to Go for C Developers,A beginner's guide to the Go programming language for C developers,Blog,"Go, C",,"Go, C, programming languages, beginner's guide, Red Hat Developers",https://developers.redhat.com/articles/2023/08/30/go-c-developers-beginners-guide
Crop Analysis and Prediction,Kaggle notebook for crop analysis and prediction,Notebook,Python,Kaggle,"crop analysis, prediction, machine learning, kaggle notebook, python, data science",https://www.kaggle.com/code/theeyeschico/crop-analysis-and-prediction/notebook
A Tour of Go,A Tour of Go,course,Go,,"Go, programming language, tour, tutorial, course",https://go.dev/tour/list
Large Language Model Course,A course on large language models,Course,Python,PyTorch,"Large Language Model, AI, Machine Learning, Deep Learning",https://github.com/mlabonne/llm-course
Helius RPC Error Response,Error response from Helius RPC API,None,JSON,None,"Helius RPC, API Error, JSONRPC, Method Not Found",https://mainnet.helius-rpc.com/?api-key=a2c09f06-55fb-4ea5-861b-7ee8c8e0b20f
Helius WebSockets Beta Documentation,"Documentation for Helius WebSockets Beta, specifically the transaction subscribe feature.",Documentation,Not specified,Not specified,"Helius, WebSockets, Beta, Webhooks, Transaction Subscribe, Real-time Data, Web Development, APIs",https://docs.helius.dev/webhooks-and-websockets/websockets-beta#transaction-subscribe
DeepLearning.ai Short Courses,A collection of short courses on deep learning and AI,Course,Python,TensorFlow,"Deep Learning, AI, Machine Learning, TensorFlow, Python, Serverless, Amazon Bedrock",https://www.deeplearning.ai/short-courses/
Nvidia Deep Learning Institute,Nvidia Deep Learning Institute is currently down for maintenance while performing an upgrade.,course,Python,Nvidia Deep Learning Framework,"Deep Learning, AI, Nvidia, Python, Course",https://courses.nvidia.com/courses/course-v1:DLI+S-FX-15+V1/
Go by Example: Regular Expressions,Examples of common regexp-related tasks in Go,Blog,Go,Built-in Go,"Go, Regular Expressions, regexp, Go by Example",https://gobyexample.com/regular-expressions
Make Your Own Rick Sanchez Bot with Transformers and DialogPT Fine-Tuning,A tutorial on creating a Rick Sanchez bot using transformers and DialogPT fine-tuning,Blog,Python,Transformers,"NLP, AI, chatbots, transformers, DialogPT, fine-tuning, Rick Sanchez, machine learning, natural language processing",https://towardsdatascience.com/make-your-own-rick-sanchez-bot-with-transformers-and-dialogpt-fine-tuning-f85e6d1f4e30
Lode,Raycasting is a rendering technique to create a 3D perspective in a 2D map,Blog,C,None,"raycasting, rendering, 3D, 2D, computer graphics, tutorial",https://lodev.org/cgtutor/raycasting.html
Rust for .NET Developers,A guide for .NET developers to learn Rust,Blog,"Rust, .NET",,"Rust, .NET, programming languages, software development",https://microsoft.github.io/rust-for-dotnet-devs/latest/
Hugging Face Learn,A course on NLP,course,Python,Hugging Face,"NLP, Hugging Face, Deep Learning, Machine Learning, Python, Transformers",https://huggingface.co/learn
Chess Programming Wiki,A repository of information about programming computers to play chess,Wiki,Various,N/A,"chess programming, chess engines, chess algorithms, chess AI, computer chess, chess software development",https://www.chessprogramming.org/Main_Page
MEXT Monbukagakusho Scholarship,Information on the MEXT Monbukagakusho Scholarship for studying in Japan,Blog,None,None,"MEXT Monbukagakusho Scholarship, Japan, Study Abroad, Scholarship, Education, Japanese Culture",https://www.tofugu.com/japan/mext-monbukagakusho-scholarship/
CodeCrafters Catalog,A catalog of coding challenges,Catalog,Unknown,Unknown,"coding challenges, coding catalog, coding resources, learn to code, coding tutorials",https://app.codecrafters.io/catalog
Free-for-dev Resources,"A list of resources that are free for developers, including APIs, tools, and more.",Blog,JavaScript,,"free resources, developer tools, APIs, JavaScript",https://free-for.dev/#/
TensorFlow Advanced Techniques Specialization,A Coursera specialization on advanced TensorFlow techniques,Course,Python,TensorFlow,"Machine Learning, Deep Learning, TensorFlow, Python, Coursera, Specialization",https://www.coursera.org/specializations/tensorflow-advanced-techniques
TensorFlow Data and Deployment Specialization,A Coursera specialization on TensorFlow data and deployment,Course,Python,TensorFlow,"Machine Learning, TensorFlow, Data Science, Python, Artificial Intelligence, Deep Learning",https://www.coursera.org/specializations/tensorflow-data-and-deployment
TensorFlow in Practice,A professional certificate program on TensorFlow,Course,Python,TensorFlow,"Machine Learning, Deep Learning, Artificial Intelligence, Python, TensorFlow",https://www.coursera.org/programs/b-tech-computer-science-engineering-2nd-year-49goh/professional-certificates/tensorflow-in-practice
UvA DL Notebooks Guides,"Guides for working with the Snellius cluster, research projects with PyTorch, debugging in PyTorch, and research projects with JAX",Blog,Python,"PyTorch, JAX","Deep Learning, PyTorch, JAX, Snellius cluster, Research projects, Debugging",https://uvadlc-notebooks.readthedocs.io/en/latest/index.html
CS231n Convolutional Neural Networks for Visual Recognition,Stanford CS class notes on Convolutional Neural Networks for Visual Recognition,Course,Python,TensorFlow/PyTorch,"Convolutional Neural Networks, Visual Recognition, Deep Learning, Computer Vision, Machine Learning",https://cs231n.github.io/
Natural Language Processing Specialization,A specialization in natural language processing on Coursera,Course,Python,Coursera,"Natural Language Processing, NLP, Machine Learning, Python, Coursera",https://www.coursera.org/programs/b-tech-computer-science-engineering-2nd-year-49goh/specializations/natural-language-processing?source=search&collectionId=skill~natural-language-processing
POCO C++ Libraries,POCO C++ Libraries,None,C++,POCO,"C++, POCO, C++ Libraries, Cross-platform, Networking, Database, Utilities",https://pocoproject.org/
Axum Documentation,Documentation for the Axum framework,Documentation,Rust,Axum,"Axum, Rust, Web Framework, Documentation",https://docs.rs/axum/latest/axum/
Lithium,A web application that requires JavaScript to run,Web Application,JavaScript,Unknown,"JavaScript, Web Application, Lithium",https://matt-42.github.io/lithium/
Bytecode Interpreters for Tiny Computers,"A discussion on the use of bytecode interpreters for tiny computers, focusing on compact code and density.",Blog,N/A,N/A,"bytecode, interpreters, tiny computers, microcontrollers, compact code, density",https://dercuano.github.io/notes/tiny-interpreters-for-microcontrollers.html
DSPy Cheatsheet,"A cheatsheet for DSPy, a Python library for natural language processing.",Blog,Python,DSPy,"DSPy, NLP, Natural Language Processing, Python Library, Cheatsheet",https://dspy-docs.vercel.app/docs/cheatsheet
Deep Learning 4j Documentation,Documentation for Deeplearning4j,Documentation,Java,Deeplearning4j,"Deep Learning, Artificial Intelligence, Machine Learning, Java, Deeplearning4j",https://deeplearning4j.konduit.ai
Convolution Neural Networks,"Technical resource about convolution neural networks, including the basic algorithm and instructional videos.",Blog,Python,TensorFlow or PyTorch,"Convolution Neural Networks, Deep Learning, Neural Networks, AI, Machine Learning",https://animatedai.github.io
Using Computer Vision to Destroy My Childhood High Score in a DS Game,Using computer vision to beat a childhood high score in a DS game,Blog,Python,OpenCV,"computer vision, OpenCV, Python, gaming, DS game",https://medium.com/better-programming/using-computer-vision-to-destroy-my-childhood-high-score-in-a-ds-game-38ebd53a1d64
These Bored Apes Do Not Exist,Article about Bored Apes,Blog,None,None,"Bored Apes, NFT, Blockchain, Medium, Article",https://medium.com/@nathancooperjones/these-bored-apes-do-not-exist-6bed2c73f02c
Daily Dose of Data Science,A daily newsletter about data science,Blog,N/A,N/A,"Data Science, Newsletter, Daily Newsletter, Technical Content",https://t.co/dpDUZBcrMP?s=09
15 Ways to Optimize Neural Networks,Optimization techniques for neural networks,Blog,Python,TensorFlow or PyTorch,"Neural Networks, Optimization, Deep Learning, Python, TensorFlow, PyTorch",https://blog.dailydoseofds.com/p/15-ways-to-optimize-neural-network-cca
Llama 3.2 Connect 2024 Vision Edge Mobile Devices,Technical blog post about Llama 3.2 Connect 2024 Vision Edge Mobile Devices,Blog,N/A,N/A,"Llama 3.2, Connect 2024, Vision Edge, Mobile Devices, AI, Meta",https://ai.meta.com/blog/llama-3-2-connect-2024-vision-edge-mobile-devices/
Flare-On Challenge,Annual Capture-the-Flag (CTF) contest by FLARE team,Blog,Reverse Engineering,CTF,"Reverse Engineering, Capture-the-Flag, CTF, FLARE team, Flare-On Challenge",https://flare-on.com/
Doc ID: https://dezoomcamp.streamlit.app/Course%20Overview,You need to enable JavaScript to run this app.,Course,Python,Streamlit,"Streamlit, Python, Data Science, Machine Learning, JavaScript",https://dezoomcamp.streamlit.app/Course%20Overview
CSES Problem Set,A collection of programming tasks and statistics,None,None,None,"CSES, Problem Set, Programming Tasks, Statistics, Coding Challenges",https://cses.fi/problemset/
How I Built My Blog,A blog post about building a blog,Blog,Unknown,Unknown,"blogging, web development, programming",https://www.joshwcomeau.com/blog/how-i-built-my-blog/
Storybook Documentation,Storybook is an open source tool for building UI components in isolation.,Documentation,"JavaScript, TypeScript","React, Vue, Angular","UI components, Storybook, JavaScript, TypeScript, React, Vue, Angular, Frontend development, UI development",https://storybook.js.org
Fine-tune LLaVA on Custom Dataset,Fine-tune LLaVA on Custom Dataset,Blog,Python,LLaVA,"LLaVA, Fine-tune, Custom Dataset, NLP, AI",https://medium.com/ubiai-nlp/how-to-fine-tune-llava-on-your-custom-dataset-aca118a90bc3
Diffusers Issue 8274,Discussion on issue 8274 in the diffusers repository on GitHub,None,Python,Diffusers,"diffusers, huggingface, issue-8274, github",https://github.com/huggingface/diffusers/issues/8274
The Novice,LLM Training Guide,Blog,Python,PyTorch,"LLM, Training, Guide, Novice, PyTorch, Python, AI, Machine Learning",https://rentry.org/llm-training#gathering-a-dataset
Exploring Helpful Uses for BERT in Your Browser with TensorFlow.js,Using BERT in your browser with TensorFlow.js,Blog,JavaScript,TensorFlow.js,"BERT, TensorFlow.js, JavaScript, Browser, NLP",https://blog.tensorflow.org/2020/03/exploring-helpful-uses-for-bert-in-your-browser-tensorflow-js.html?m=1
Llama3-from-Scratch,Technical documentation for Llama3-from-Scratch,Blog,Python,PyTorch,"Llama3, PyTorch, AI, Deep Learning, Python, GitHub",https://github.com/naklecha/llama3-from-scratch
Google Colab Document,A Google Colab document containing Python code,Blog,Python,Google Colab,"Google Colab, Python, Data Science, Machine Learning",https://colab.research.google.com/drive/1VpeE6UvEPRz9HmsHh1KS0XxXjYu533EC#scrollTo=qJYuZnYqGZrt
Multi-Objective Optimisation in Suggestions Ranking at Flipkart,The blog post discusses how Flipkart uses multi-objective optimisation in suggestions ranking to improve customer experience.,Blog,N/A,N/A,"suggestions ranking, multi-objective optimisation, Flipkart, e-commerce, recommendation systems",https://blog.flipkart.tech/multi-objective-optimisation-in-suggestions-ranking-flipkart-49099b951eae
LLVM Tutorial,A tutorial on LLVM,Tutorial,"C++, LLVM",LLVM,"LLVM, compiler, programming languages, C++, tutorial",https://llvm.org/docs/tutorial/?s=09
Doc ID: https://dezoomcamp.streamlit.app,You need to enable JavaScript to run this app.,None,JavaScript,Streamlit,"Streamlit, JavaScript, App",https://dezoomcamp.streamlit.app
